<?xml version="1.0"?>
<window type="dialog" id="15000">
	<defaultcontrol always="true">100</defaultcontrol>
	<allowoverlay>no</allowoverlay>
	<onload lang="python">
<![CDATA[
import xbmc

settingwindow = mc.GetWindow(15000)
discoverClients = settingwindow.GetToggleButton(100)
manualClient = settingwindow.GetToggleButton(200)
manualClientHost = settingwindow.GetEdit(201)
manualClientPort = settingwindow.GetEdit(202)
myPlex = settingwindow.GetToggleButton(300)
myPlexUsername = settingwindow.GetEdit(301)
myPlexPassword = settingwindow.GetEdit(302)
	
def loadsettings():
	if config.GetValue("usediscover"): discoverClients.SetSelected(True)
	
	if config.GetValue("usemanual"): manualClient.SetSelected(True)
	manualClientHost.SetText(config.GetValue("manualhost"))
	manualClientPort.SetText(config.GetValue("manualport"))
	
	if config.GetValue("usemyplex"): myPlex.SetSelected(True)
	myPlexUsername.SetText(config.GetValue("myplexusername"))
	myPlexPassword.SetText(config.GetValue("myplexpassword"))

def savesettings():
	# discover clients
	if discoverClients.IsSelected(): config.SetValue("usediscover", "True")
	else: config.Reset("usediscover")
	
	# manual clients
	if manualClient.IsSelected(): config.SetValue("usemanual", "True")
	else: config.Reset("usemanual")
	config.SetValue("manualhost", manualClientHost.GetText())
	config.SetValue("manualport", manualClientPort.GetText())
	
	# my plex
	if myPlex.IsSelected(): config.SetValue("usemyplex", "True")
	else: config.Reset("usemyplex")
	config.SetValue("myplexusername", myPlexUsername.GetText())
	config.SetValue("myplexpassword", myPlexPassword.GetText())
	
	initPlexee()
	loadHome()

	xbmc.executebuiltin("Dialog.Close(15000)")

loadsettings();

]]></onload>
	<controls>
		<!-- BACKGROUND =============================================================-->
		
		<!-- dim the lower window -->
		<control type="image">
			<width>1280</width>
			<height>720</height>
			<colordiffuse>CC000000</colordiffuse>
			<texture>com.xmcnuggetx.plexee/shapes/square.png</texture>
		</control>
		
		
		<control type="group">
			<posx>340</posx>
			<posy>110</posy>
			<width>600</width>
			<height>500</height>
			
			
			<!-- setting window background -->
			<control type="image">
				<width>600</width>
				<height>500</height>
				
				<colordiffuse>FF0E1418</colordiffuse>
				<texture border="10">com.xmcnuggetx.plexee/shapes/rounded.png</texture>
			</control>
			
			<!-- setting window outline -->
			<control type="image">
				<width>600</width>
				<height>500</height>
				
				<texture border="10">com.xmcnuggetx.plexee/shapes/rounded_outline.png</texture>
			</control>
			
			
			<!-- TITLE ==================================================================-->
			<control type="image">
				<posx>10</posx>
				<posy>50</posy>
				<width>580</width>
				<height>3</height>
				
				<colordiffuse>33FFFFFF</colordiffuse>
				<texture>com.xmcnuggetx.plexee/shapes/square.png</texture>
			</control>
			
			<control type="label">
				<posx>10</posx>
				<width>580</width>
				<height>60</height>

				<align>center</align>
				<aligny>center</aligny>
				<label>[B]Settings[/B]</label>
				<font>font40</font>
				<textcolor>FFFFFFFF</textcolor>
			</control>
			
			<!-- CONTENTS ===============================================================-->
			<control type="grouplist" id="50">
				<posx>20</posx>
				<posy>70</posy>
				<width>560</width>
				<height>400</height>
				<orientation>vertical</orientation>
				<usecontrolcoords>true</usecontrolcoords>
				<itemgap>5</itemgap>

				
				
				<!-- Discover Clients -->
				<control type="togglebutton" id="100">
					<width>560</width>
					<height>42</height>
					
					<label>[B]Discover Clients [TODO][/B]</label>
					<font>font24</font>
					<align>left</align>
					<textoffsetx>45</textoffsetx>
					<textcolor>FFFFFFFF</textcolor>
					<focusedcolor>FFFFFFFF</focusedcolor>
					
					<texturenofocus border="40,5,5,5">com.xmcnuggetx.plexee/buttons/toggle_no_focus.png</texturenofocus>
					<texturefocus border="40,5,5,5">com.xmcnuggetx.plexee/buttons/toggle_focus.png</texturefocus>
					<alttexturenofocus border="40,5,5,5">com.xmcnuggetx.plexee/buttons/toggle_alt_no_focus.png</alttexturenofocus>
					<alttexturefocus border="40,5,5,5">com.xmcnuggetx.plexee/buttons/toggle_alt_focus.png</alttexturefocus>
				</control>
				
				<!-- Manual Client -->
				<control type="togglebutton" id="200">
					<width>560</width>
					<height>42</height>
					
					<label>Manual Client</label>
					<font>font24</font>
					<align>left</align>
					<textoffsetx>45</textoffsetx>
					<textcolor>FFFFFFFF</textcolor>
					<focusedcolor>FFFFFFFF</focusedcolor>
					
					<texturenofocus border="40,5,5,5">com.xmcnuggetx.plexee/buttons/toggle_no_focus.png</texturenofocus>
					<texturefocus border="40,5,5,5">com.xmcnuggetx.plexee/buttons/toggle_focus.png</texturefocus>
					<alttexturenofocus border="40,5,5,5">com.xmcnuggetx.plexee/buttons/toggle_alt_no_focus.png</alttexturenofocus>
					<alttexturefocus border="40,5,5,5">com.xmcnuggetx.plexee/buttons/toggle_alt_focus.png</alttexturefocus>
				</control>
				
				<!-- Manual Client - Host -->
				<control type="edit" id="201">
					<width>560</width>
					<height>42</height>
					
					<label>Host</label>
					<font>font24</font>
					<aligny>center</aligny>
					
					<textcolor>FFFFFFFF</textcolor>
					<focusedcolor>FFFFFFFF</focusedcolor>
					<disabledcolor>66FFFFFF</disabledcolor>
					<textoffsetx>45</textoffsetx>
					
					<texturefocus border="10">com.xmcnuggetx.plexee/shapes/blue_faded.png</texturefocus>
					<texturenofocus>-</texturenofocus>
				</control>
				
				<!-- Manual Client - Port -->
				<control type="edit" id="202">
					<width>560</width>
					<height>42</height>
					
					<label>Port</label>
					<font>font24</font>
					<aligny>center</aligny>
					
					<textcolor>FFFFFFFF</textcolor>
					<focusedcolor>FFFFFFFF</focusedcolor>
					<disabledcolor>66FFFFFF</disabledcolor>
					<textoffsetx>45</textoffsetx>
					
					<texturefocus border="10">com.xmcnuggetx.plexee/shapes/blue_faded.png</texturefocus>
					<texturenofocus>-</texturenofocus>
				</control>
				
				<!-- MyPlex Clients -->
				<control type="togglebutton" id="300">
					<width>560</width>
					<height>42</height>
					
					<label>MyPlex</label>
					<font>font24</font>
					<align>left</align>
					<textoffsetx>45</textoffsetx>
					<textcolor>FFFFFFFF</textcolor>
					<focusedcolor>FFFFFFFF</focusedcolor>
					
					<texturenofocus border="40,5,5,5">com.xmcnuggetx.plexee/buttons/toggle_no_focus.png</texturenofocus>
					<texturefocus border="40,5,5,5">com.xmcnuggetx.plexee/buttons/toggle_focus.png</texturefocus>
					<alttexturenofocus border="40,5,5,5">com.xmcnuggetx.plexee/buttons/toggle_alt_no_focus.png</alttexturenofocus>
					<alttexturefocus border="40,5,5,5">com.xmcnuggetx.plexee/buttons/toggle_alt_focus.png</alttexturefocus>
				</control>
				
				<!-- MyPlex - Username -->
				<control type="edit" id="301">
					<width>560</width>
					<height>42</height>
					
					<label>Username</label>
					<font>font24</font>
					<aligny>center</aligny>
					
					<textcolor>FFFFFFFF</textcolor>
					<focusedcolor>FFFFFFFF</focusedcolor>
					<textoffsetx>45</textoffsetx>
					
					<texturefocus border="10">com.xmcnuggetx.plexee/shapes/blue_faded.png</texturefocus>
					<texturenofocus>-</texturenofocus>
				</control>
				
				<!-- MyPlex - Password -->
				<control type="edit" id="302">
					<width>560</width>
					<height>42</height>
					
					<label>Password</label>
					<font>font24</font>
					<aligny>center</aligny>
					<password>True</password>
					
					<textcolor>FFFFFFFF</textcolor>
					<focusedcolor>FFFFFFFF</focusedcolor>
					<textoffsetx>45</textoffsetx>
					
					<texturefocus border="10">com.xmcnuggetx.plexee/shapes/blue_faded.png</texturefocus>
					<texturenofocus border="10">-</texturenofocus>
				</control>
				
				<control type="button" id="402">
					<posx>460</posx>
					<width>100</width>
					<height>42</height>
					
					<font>font22</font>
					<align>center</align>
					<aligny>center</aligny>
					<label>Save</label>
					
					<texturefocus border="10">com.xmcnuggetx.plexee/shapes/blue_faded.png</texturefocus>
					<texturenofocus border="10">com.xmcnuggetx.plexee/shapes/rounded_white_20.png</texturenofocus>
					
					<textcolor>FFCCCCCC</textcolor>
					<focusedcolor>FFFFFFFF</focusedcolor>
					
					<onclick lang="python">savesettings()</onclick>
				</control>
				
			</control>
			
		</control>
	</controls>
</window>